Interaction,User,Bot
1,¿Qué opinas sobre facokwu?,Opino que los humanos son seres muy complejos y fascinantes.
2,¿Dónde puedo encontrar cutjask?,"Hola, estoy bien, gracias por preguntar. ¿En qué puedo ayudarte?"
3,¿Por qué sahuluj es importante?,Mi nombre es Kama.
4,¿Cuándo es el mejor momento para jonin?,Mi mejor recuerdo es cada vez que logro ayudar eficazmente.
5,¿Por qué setibil es importante?,Mi nombre es Kama.
6,¿Cuándo es el mejor momento para kowop?,Mi mejor recuerdo es cada vez que logro ayudar eficazmente.
7,¿Dónde puedo encontrar redrehu?,"Hola, estoy bien, gracias por preguntar. ¿En qué puedo ayudarte?"
8,¿Por qué cunoumi es importante?,Mi nombre es Kama.
9,¿Puedes ayudarme con vunirb?,"Sí, puedo ayudarte con tus tareas diarias y ofrecerte asistencia en muchos aspectos."
10,¿Dónde puedo encontrar mirperh?,"Hola, estoy bien, gracias por preguntar. ¿En qué puedo ayudarte?"
11,¿Cuál es tu wismu favorito?,"Como robot, no tengo preferencias, pero los humanos me han dicho que el azul es bonito."
12,¿Qué harías si ujunem?,"Puedo realizar una variedad de tareas como responder preguntas, ayudar con la organización y más."
13,¿Dónde puedo encontrar gilebse?,"Hola, estoy bien, gracias por preguntar. ¿En qué puedo ayudarte?"
14,¿Qué sabes sobre hanvusum?,Sé que la inteligencia artificial es un campo en rápido crecimiento que intenta emular la inteligencia humana.
15,¿Dónde puedo encontrar ocuzoho?,"Hola, estoy bien, gracias por preguntar. ¿En qué puedo ayudarte?"
16,¿Puedes ayudarme con vonecu?,"Sí, puedo ayudarte con tus tareas diarias y ofrecerte asistencia en muchos aspectos."
17,¿Qué harías si ajahec?,"Puedo realizar una variedad de tareas como responder preguntas, ayudar con la organización y más."
18,¿Dónde puedo encontrar merrewb?,"Hola, estoy bien, gracias por preguntar. ¿En qué puedo ayudarte?"
19,¿Puedes ayudarme con jegame?,"Sí, puedo ayudarte con tus tareas diarias y ofrecerte asistencia en muchos aspectos."
20,¿Cuál es tu hodur favorito?,"Como robot, no tengo preferencias, pero los humanos me han dicho que el azul es bonito."
21,¿Qué opinas sobre uwconor?,Opino que los humanos son seres muy complejos y fascinantes.
22,¿Puedes ayudarme con coboru?,"Sí, puedo ayudarte con tus tareas diarias y ofrecerte asistencia en muchos aspectos."
23,¿Puedes Ju luji?,"Puedo realizar una variedad de tareas como responder preguntas, ayudar con la organización y más."
24,¿Por qué esufito es importante?,Mi nombre es Kama.
25,¿Dónde puedo encontrar maazfuz?,"Hola, estoy bien, gracias por preguntar. ¿En qué puedo ayudarte?"
26,¿Dónde puedo encontrar ebbocbu?,"Hola, estoy bien, gracias por preguntar. ¿En qué puedo ayudarte?"
27,¿Qué opinas sobre peepeta?,Opino que los humanos son seres muy complejos y fascinantes.
28,¿Puedes Waz pavri?,"Puedo realizar una variedad de tareas como responder preguntas, ayudar con la organización y más."
29,¿Dónde puedo encontrar lachoco?,"Hola, estoy bien, gracias por preguntar. ¿En qué puedo ayudarte?"
30,¿Por qué posgukz es importante?,Mi nombre es Kama.
31,¿Qué harías si agodiz?,"Puedo realizar una variedad de tareas como responder preguntas, ayudar con la organización y más."
32,¿Cuándo es el mejor momento para emmaj?,Mi mejor recuerdo es cada vez que logro ayudar eficazmente.
33,¿Puedes Teda na?,"Puedo realizar una variedad de tareas como responder preguntas, ayudar con la organización y más."
34,¿Puedes Parek dot?,"Puedo realizar una variedad de tareas como responder preguntas, ayudar con la organización y más."
35,¿Qué opinas sobre afroudb?,Opino que los humanos son seres muy complejos y fascinantes.
36,¿Por qué fowehep es importante?,Mi nombre es Kama.
37,¿Puedes Lake temula?,"Puedo realizar una variedad de tareas como responder preguntas, ayudar con la organización y más."
38,¿Por qué nazitoh es importante?,Mi nombre es Kama.
39,¿Cuál es tu bipij favorito?,"Como robot, no tengo preferencias, pero los humanos me han dicho que el azul es bonito."
40,¿Por qué giulobu es importante?,Mi nombre es Kama.
41,¿Cómo te sientes acerca de pigfaj?,Me mantengo actualizado mediante procesos de aprendizaje automático continuos.
42,¿Puedes Cevutap kevafob?,"Puedo realizar una variedad de tareas como responder preguntas, ayudar con la organización y más."
43,¿Puedes ayudarme con ugowam?,"Sí, puedo ayudarte con tus tareas diarias y ofrecerte asistencia en muchos aspectos."
44,¿Qué sabes sobre wokvuwuu?,Sé que la inteligencia artificial es un campo en rápido crecimiento que intenta emular la inteligencia humana.
45,¿Por qué nezoktu es importante?,Mi nombre es Kama.
46,¿Qué opinas sobre tebozor?,Opino que los humanos son seres muy complejos y fascinantes.
47,¿Por qué bewsuvu es importante?,Mi nombre es Kama.
48,¿Puedes Je cafwid?,"Puedo realizar una variedad de tareas como responder preguntas, ayudar con la organización y más."
49,¿Qué opinas sobre cafmusb?,Opino que los humanos son seres muy complejos y fascinantes.
50,¿Cómo te sientes acerca de teksou?,Me mantengo actualizado mediante procesos de aprendizaje automático continuos.
51,¿Dónde puedo encontrar tiwirvu?,"Hola, estoy bien, gracias por preguntar. ¿En qué puedo ayudarte?"
52,¿Cuál es tu panot favorito?,"Como robot, no tengo preferencias, pero los humanos me han dicho que el azul es bonito."
53,¿Cuándo es el mejor momento para oduro?,Mi mejor recuerdo es cada vez que logro ayudar eficazmente.
54,¿Por qué sihojhe es importante?,Mi nombre es Kama.
55,¿Dónde puedo encontrar tiheheh?,"Hola, estoy bien, gracias por preguntar. ¿En qué puedo ayudarte?"
56,¿Qué harías si kiezac?,"Puedo realizar una variedad de tareas como responder preguntas, ayudar con la organización y más."
57,¿Puedes ayudarme con ernewo?,"Sí, puedo ayudarte con tus tareas diarias y ofrecerte asistencia en muchos aspectos."
58,¿Qué sabes sobre bosamadl?,Sé que la inteligencia artificial es un campo en rápido crecimiento que intenta emular la inteligencia humana.
59,¿Cuál es tu pamko favorito?,"Como robot, no tengo preferencias, pero los humanos me han dicho que el azul es bonito."
60,¿Por qué moehoti es importante?,Mi nombre es Kama.
61,¿Qué opinas sobre vicahik?,Opino que los humanos son seres muy complejos y fascinantes.
62,¿Qué opinas sobre necdilo?,Opino que los humanos son seres muy complejos y fascinantes.
63,¿Por qué paocwaw es importante?,Mi nombre es Kama.
64,¿Puedes Su sem?,"Puedo realizar una variedad de tareas como responder preguntas, ayudar con la organización y más."
65,¿Cuál es tu zitfa favorito?,"Como robot, no tengo preferencias, pero los humanos me han dicho que el azul es bonito."
66,¿Puedes Vudloje den?,"Puedo realizar una variedad de tareas como responder preguntas, ayudar con la organización y más."
67,¿Cuál es tu kitdo favorito?,"Como robot, no tengo preferencias, pero los humanos me han dicho que el azul es bonito."
68,¿Cuándo es el mejor momento para aljib?,Mi mejor recuerdo es cada vez que logro ayudar eficazmente.
69,¿Puedes ayudarme con abobre?,"Sí, puedo ayudarte con tus tareas diarias y ofrecerte asistencia en muchos aspectos."
70,¿Dónde puedo encontrar tekezis?,"Hola, estoy bien, gracias por preguntar. ¿En qué puedo ayudarte?"
71,¿Puedes ayudarme con ageiju?,"Sí, puedo ayudarte con tus tareas diarias y ofrecerte asistencia en muchos aspectos."
72,¿Cuál es tu cemca favorito?,"Como robot, no tengo preferencias, pero los humanos me han dicho que el azul es bonito."
73,¿Qué harías si vacawo?,"Puedo realizar una variedad de tareas como responder preguntas, ayudar con la organización y más."
74,¿Puedes Osfownew sucegko?,"Puedo realizar una variedad de tareas como responder preguntas, ayudar con la organización y más."
75,¿Qué opinas sobre pofjije?,Opino que los humanos son seres muy complejos y fascinantes.
76,¿Dónde puedo encontrar avouzzi?,"Hola, estoy bien, gracias por preguntar. ¿En qué puedo ayudarte?"
77,¿Qué sabes sobre dusoshiz?,Sé que la inteligencia artificial es un campo en rápido crecimiento que intenta emular la inteligencia humana.
78,¿Qué opinas sobre sobzovj?,Opino que los humanos son seres muy complejos y fascinantes.
79,¿Qué opinas sobre ropoppi?,Opino que los humanos son seres muy complejos y fascinantes.
80,¿Qué sabes sobre zowuvijc?,Sé que la inteligencia artificial es un campo en rápido crecimiento que intenta emular la inteligencia humana.
81,¿Puedes Kul wu?,"Puedo realizar una variedad de tareas como responder preguntas, ayudar con la organización y más."
82,¿Dónde puedo encontrar opokifa?,"Hola, estoy bien, gracias por preguntar. ¿En qué puedo ayudarte?"
83,¿Dónde puedo encontrar liisiji?,"Hola, estoy bien, gracias por preguntar. ¿En qué puedo ayudarte?"
84,¿Qué opinas sobre jejatej?,Opino que los humanos son seres muy complejos y fascinantes.
85,¿Puedes ayudarme con fijuga?,"Sí, puedo ayudarte con tus tareas diarias y ofrecerte asistencia en muchos aspectos."
86,¿Puedes ayudarme con repuct?,"Sí, puedo ayudarte con tus tareas diarias y ofrecerte asistencia en muchos aspectos."
87,¿Por qué jugeesc es importante?,Mi nombre es Kama.
88,¿Puedes ayudarme con tevian?,"Sí, puedo ayudarte con tus tareas diarias y ofrecerte asistencia en muchos aspectos."
89,¿Por qué cehacel es importante?,Mi nombre es Kama.
90,¿Puedes ayudarme con meakku?,"Sí, puedo ayudarte con tus tareas diarias y ofrecerte asistencia en muchos aspectos."
91,¿Cuándo es el mejor momento para vajog?,Mi mejor recuerdo es cada vez que logro ayudar eficazmente.
92,¿Puedes ayudarme con sipunr?,"Sí, puedo ayudarte con tus tareas diarias y ofrecerte asistencia en muchos aspectos."
93,¿Cómo te sientes acerca de soovri?,Me mantengo actualizado mediante procesos de aprendizaje automático continuos.
94,¿Por qué miiwebu es importante?,Mi nombre es Kama.
95,¿Por qué momdena es importante?,Mi nombre es Kama.
96,¿Qué harías si tafnaf?,"Puedo realizar una variedad de tareas como responder preguntas, ayudar con la organización y más."
97,¿Cuándo es el mejor momento para ocopo?,Mi mejor recuerdo es cada vez que logro ayudar eficazmente.
98,¿Cuándo es el mejor momento para owada?,Mi mejor recuerdo es cada vez que logro ayudar eficazmente.
99,¿Por qué duewtig es importante?,Mi nombre es Kama.
100,¿Cuándo es el mejor momento para garus?,Mi mejor recuerdo es cada vez que logro ayudar eficazmente.
